"","created_at","id","text","ticker"
"1","Thu Jan 02 06:10:09 +0000 2014",418625240462151680,"$TM Ford develops solar powered car for everyday use http://t.co/ChFH4ki07g","TM"
"2","Fri Jan 03 21:42:05 +0000 2014",419222157005422592,"$TM - Sales: Toyota slides as other Asian car brands gain -&gt; http://t.co/OBlmqbT7rF #stock #stocks #stockaction","TM"
"3","Fri Jan 03 20:42:33 +0000 2014",419207174964125696,"$TM - [video] December auto sales rate: 15.4 million -&gt; http://t.co/WgtsLhaRyv #stock #stocks #stockaction","TM"
"4","Thu Jan 09 12:19:08 +0000 2014",421254813201227776,"$TM - CES 2014: Cases, Cars and Connected Homes -&gt; http://t.co/1aMGvesZGg #stock #stocks #stockaction","TM"
"5","Thu Jan 09 12:19:08 +0000 2014",421254813201227776,"$TM - CES 2014: Cases, Cars and Connected Homes -&gt; http://t.co/1aMGvesZGg #stock #stocks #stockaction","TM"
"6","Tue Jan 14 13:51:49 +0000 2014",423090077074337792,"$TM 8 Cars &amp; Trucks Already Making a Splash in Detroit http://t.co/QyFTCchNAF","TM"
"7","Wed Jan 15 19:00:55 +0000 2014",423530252489355264,"RT @philstockworld: Balls to the Wall Wednesday - The Bull is Back!  $TSLA $AAPL $SPY $DIA $TM $F -- http://t.co/PwhWrWrPwu","TM"
"8","Wed Jan 15 01:05:42 +0000 2014",423259665347407872,"Ford Set To Grow http://t.co/cHHXFCOrjf $F, $GM, $TM»» hope it works","TM"
"9","Thu Jan 16 04:29:27 +0000 2014",423673328579383296,"RT @philstockworld: Balls to the Wall Wednesday - The Bull is Back!  $TSLA $AAPL $SPY $DIA $TM $F -- http://t.co/PwhWrWrPwu","TM"
"10","Thu Jan 16 11:08:55 +0000 2014",423773857674051584,"RT @philstockworld: Balls to the Wall Wednesday - The Bull is Back!  $TSLA $AAPL $SPY $DIA $TM $F -- http://t.co/PwhWrWrPwu","TM"
"11","Thu Jan 16 03:09:00 +0000 2014",423653082698764288,"RT @philstockworld: Balls to the Wall Wednesday - The Bull is Back!  $TSLA $AAPL $SPY $DIA $TM $F -- http://t.co/PwhWrWrPwu","TM"
"12","Tue Jan 21 03:52:31 +0000 2014",425475973354512384,".@BloombergNews why this is important is because TG (7282) is a #keiritsu and this directly relates to $TM's growth.","TM"
"13","Tue Jan 21 04:36:06 +0000 2014",425486941421707264,"$TM - Chinas pollution crisis threatens car sales -&gt; http://t.co/VwBOijxM58 #stock #stocks #stockaction","TM"
"14","Fri Jan 24 05:38:15 +0000 2014",426589745612062720,"$TM - Unions a threat to Toyota staying: Hockey -&gt; http://t.co/ArkhWl0dDv #stock #stocks #stockaction","TM"
"15","Sat Jan 25 22:53:33 +0000 2014",427212675257339904,"$TM Toyota Outsells GM Again in 2013 http://t.co/YFHmAQhRUW","TM"
"16","Mon Feb 03 05:27:50 +0000 2014",430211002806726656,"Can Superbowl commercials have an impact on stock prices? Check out http://t.co/r9aoMRL5gM to see $PCLN $KO $TM $BUD","TM"
"17","Tue Feb 04 15:50:18 +0000 2014",430730039546896384,"Weather is blamed for poor sales at $F $GM $TM and February's weather will be uncooperative, too. #invest #stocks","TM"
"18","Fri Feb 07 21:21:38 +0000 2014",431900585885855744,"$TM Maplesoft, Toyota Motor Manufacturing Canada, and University of Waterloo win Synergy Award 2013 http://t.co/iIqE8FSLE0","TM"
"19","Fri Feb 07 04:00:30 +0000 2014",431638576133324800,"$TM - Gas Prices Low Thanks To Cold, But Seen Rising Soon -&gt; http://t.co/YHyX03gkyB #stock #stocks #stockaction","TM"
"20","Sat Feb 08 20:21:06 +0000 2014",432247740077461504,"$TM - For Ford, Japan’s Economic Policy Is an Unfair Disadvantage -&gt; http://t.co/1YbqJkvs5a #stock #stocks #stockaction","TM"
"21","Mon Feb 10 19:30:42 +0000 2014",432959832203612160,"RT @ima_smKa: $TM$ #OnMyLevel Official video kumn soon!","TM"
"22","Thu Feb 13 22:27:19 +0000 2014",434091442835697664,"Venezuela: The Last Days of Private Enterprise http://t.co/TGfo2uKwm4  via @PanAmPost #venezuelanbonds $GM $PG $HLF $MELI $AMZN $AAPL $TM","TM"
"23","Thu Feb 13 22:27:19 +0000 2014",434091442835697664,"Venezuela: The Last Days of Private Enterprise http://t.co/TGfo2uKwm4  via @PanAmPost #venezuelanbonds $GM $PG $HLF $MELI $AMZN $AAPL $TM","TM"
"24","Fri Feb 21 19:31:35 +0000 2014",436946321014927360,"$TM Ford, GM Race To Rev Up China Sales Growth In 2014 http://t.co/tINAv6C7Zf","TM"
"25","Mon Mar 03 17:12:13 +0000 2014",440535126926057472,"$TM Nissan sales jump in February, Hyundai sags http://t.co/wVcjrrxDoo","TM"
"26","Wed Mar 05 04:45:02 +0000 2014",441071867802439680,"$TM - Toyotas New Concept Is More High-Tech Horse Than Car -&gt; http://t.co/scHvRnsk27 #stock #stocks #stockaction","TM"
"27","Wed Mar 05 16:23:01 +0000 2014",441247521046671360,"Ugly Auto Sales are Coming - $GM $F $TM $HMC http://t.co/mxhfVVDlfz","TM"
"28","Tue Mar 04 23:10:21 +0000 2014",440987642004385792,"$TM - Chrysler keeps minivan plant in Canada -- for now -&gt; http://t.co/nq5Fbn0qkH #stock #stocks #stockaction","TM"
"29","Sat Mar 08 19:17:11 +0000 2014",442378515128672256,"Exhaust Purification Device For Spark Ignition Internal Combustion Engine $TM #F01N #F01N3 http://t.co/YQ23XdSrNT http://t.co/kebatCrivj","TM"
"30","Tue Mar 11 16:57:05 +0000 2014",443430421398028288,"$TM - GM might not have to pay for most deaths tied to recall -&gt; http://t.co/9Y25iB1AMW #stock #stocks #stockaction","TM"
"31","Wed Mar 12 19:15:23 +0000 2014",443827613631401984,"$TM Toyota's Japanese Workers to Get Pay Hikes http://t.co/gEEr5xckFi","TM"
"32","Wed Mar 12 15:04:42 +0000 2014",443764527088140288,"$TM [video] GM's stock is a lemon in 2014 http://t.co/LMif3lOl9g","TM"
"33","Wed Mar 19 14:46:39 +0000 2014",446296699724500992,"RT @philstockworld: News You Can Use Ahead of the #Fed $FXI $EWJ $SPY $CHL $SNE $TM $USO $CL_F $TF_F $CL_F $FIG $BITCN $JPM -- http://t.co/…","TM"
"34","Wed Mar 19 14:51:24 +0000 2014",446297895114145792,"RT @philstockworld: News You Can Use Ahead of the #Fed $FXI $EWJ $SPY $CHL $SNE $TM $USO $CL_F $TF_F $CL_F $FIG $BITCN $JPM -- http://t.co/…","TM"
"35","Wed Mar 19 13:14:33 +0000 2014",446273521979629568,"RT @philstockworld: News You Can Use Ahead of the #Fed $FXI $EWJ $SPY $CHL $SNE $TM $USO $CL_F $TF_F $CL_F $FIG $BITCN $JPM -- http://t.co/…","TM"
"36","Wed Mar 19 02:48:02 +0000 2014",446115853906374656,"$TM is weak weak. Already tapped $GM short... http://t.co/MJeDTClIC8","TM"
"37","Wed Mar 19 17:07:18 +0000 2014",446332095430803456,"$TM Toyota to pay $1.2 billion penalty over safety issues http://t.co/YpkN6FuJDc","TM"
"38","Wed Mar 19 15:18:52 +0000 2014",446304807289368576,"RT @philstockworld: News You Can Use Ahead of the #Fed $FXI $EWJ $SPY $CHL $SNE $TM $USO $CL_F $TF_F $CL_F $FIG $BITCN $JPM -- http://t.co/…","TM"
"39","Wed Mar 19 15:27:22 +0000 2014",446306946422173696,"RT @philstockworld: News You Can Use Ahead of the #Fed $FXI $EWJ $SPY $CHL $SNE $TM $USO $CL_F $TF_F $CL_F $FIG $BITCN $JPM -- http://t.co/…","TM"
"40","Wed Mar 19 13:53:31 +0000 2014",446283328287940608,"RT @philstockworld: News You Can Use Ahead of the #Fed $FXI $EWJ $SPY $CHL $SNE $TM $USO $CL_F $TF_F $CL_F $FIG $BITCN $JPM -- http://t.co/…","TM"
"41","Thu Mar 20 17:58:43 +0000 2014",446707422745219072,"$TM NY judge approves Toyota-US deal, $1.2B penalty http://t.co/yH5XIIvETY","TM"
"42","Fri Mar 21 12:13:37 +0000 2014",446982963339595776,"$TM Investor's Watch List: Tesla Motors (NASDAQ:TSLA), Ford Motor Company ... http://t.co/85aJqakJJB","TM"
"43","Sun Mar 23 06:44:35 +0000 2014",447624935138017280,"$TM GM missed red flags on deadly ignition switches http://t.co/WfCPAmPIpD","TM"
"44","Tue Mar 25 12:00:03 +0000 2014",448429100630175744,"Wall Street Breakfast: Must-Know News http://t.co/ogwuKQYIqq $GM $SPY $QQQ $AEO $DIS $DOW $FTPLF $KING $RLD $SXCL $TM $WFT $XOM $ZNGA","TM"
"45","Tue Mar 25 09:35:04 +0000 2014",448392614417416192,"RT @mcilderman Google: Too Big to Fail but Should Sell Self-Driving Car Ops http://t.co/GVWaHr5nxf  $Goog $AAPL #tech $TM $GM #BMW #google","TM"
"46","Wed Mar 26 14:36:05 +0000 2014",448830755594973184,"$TM Candy Crush Maker Debuts and Other #Stocks2Watch http://t.co/gwOS7V7Aqy","TM"
"47","Thu Mar 27 04:00:03 +0000 2014",449033080406171648,"RT @mcilderman Google: Too Big to Fail but Should Sell Self-Driving Car Ops http://t.co/0gzHPNBbsq  $Goog $AAPL #tech $TM $GM #BMW #google","TM"
"48","Thu Mar 27 08:20:05 +0000 2014",449098519966515200,"RT @mcilderman Google: Too Big to Fail but Should Sell Self-Driving Car Ops http://t.co/djfxYnw7vk  $Goog $AAPL #tech $TM $GM #BMW #google","TM"
"49","Wed Apr 09 17:25:04 +0000 2014",453946711744843776,"$TM On The Fly: Midday Wrap http://t.co/JNmoknCZiA","TM"
"50","Thu Apr 10 16:32:10 +0000 2014",454295786881564672,"Toyota's 3-Wheeled Car http://t.co/ZcsSDcAbdf $TM $GM $F #Toyota #threewheeler @AutoInnovationI @AutoInnovate @coolcars #cars #autos @Ford","TM"
"51","Sat Apr 12 21:10:03 +0000 2014",455090494251352064,"$TM: Can General Motors Recover? #TM http://t.co/GTpw97eTrz","TM"
"52","Tue Apr 15 21:56:04 +0000 2014",456189238321496064,"$TM After two bumper years, Toyota braces for shift to slower growth http://t.co/fdhKz1O2tz","TM"
"53","Wed Apr 16 19:27:50 +0000 2014",456514322043138048,"$TM Toyota Camry gets a top-to-bott  http://t.co/j36Uy8IGWZ","TM"
"54","Sun Apr 20 20:32:01 +0000 2014",457980025774833664,"$TM - Two GM engineers placed on paid leave in ignition safety recall -&gt; http://t.co/LMO3DQh9q2 #stock #stocks #stockaction","TM"
"55","Sun Apr 20 20:52:19 +0000 2014",457985134457679872,"$BWA % gains to auto makers since $GM's IPO, 2010. $BWA up 109% while $F (1.72%), $GM (.82%), and $TM up 37.65%. Average 73.89% beat.","TM"
"56","Mon Apr 21 03:19:10 +0000 2014",458082488447811584,"RT @WSJAsia: Toyota seeks to bring 15 new models to China by 2017. http://t.co/EluHUtG3zg $TM http://t.co/9eOdl3dnSH","TM"
"57","Tue Apr 22 13:35:36 +0000 2014",458600006832779264,"$TM: 6 Cars and SUVs Soaking Up the Spotlight in Beijing http://t.co/NgBcnl31Fa","TM"
"58","Wed Apr 23 18:42:25 +0000 2014",459039607628521472,"$TM - Toyota Keeps Title of Best-Selling Car Maker in 1Q -&gt; http://t.co/BLGYROIORd #stock #stocks #stockaction","TM"
"59","Wed Apr 23 06:57:16 +0000 2014",458862150841139200,"$TM Toyota sells 2.58 million vehicles, outselling GM http://t.co/CQ0FusDO3v","TM"
"60","Sun Apr 27 21:00:19 +0000 2014",460523862778593280,"$TM Toyota Says It’s Restructuring California-Based Marketing Unit http://t.co/GZ2s8ctlES","TM"
"61","Mon Apr 28 18:18:48 +0000 2014",460845603631935488,"RT @Bidnessetc: $TM is looking to move to a more central location in Texas http://t.co/uOiNVl4JcN","TM"
"62","Mon Apr 28 19:14:05 +0000 2014",460859516133711872,"$TM Toyota moving U.S. headquarters to Texas http://t.co/7mbmYaOGvJ","TM"
"63","Mon Apr 28 02:23:07 +0000 2014",460605098066862080,"$TM: [$$] Toyota Set to Revamp U.S. Marketing Operations http://t.co/aHGVK42obU","TM"
"64","Mon Apr 28 07:28:10 +0000 2014",460681866400366592,"Commented on: ""Where's Tesla's Model S Competition?"" http://t.co/bS2vC7kUNC $TSLA $TM","TM"
"65","Tue Apr 29 00:32:10 +0000 2014",460939564434341888,"RT @davidnelsoncfa: @TeamRickPerry 2 hi tax States  “Watch Out Your Next” Talked to Queen of @TheStreet @WallandBroad On $TM move http://t.…","TM"
"66","Tue Apr 29 19:24:54 +0000 2014",461224626119389184,"$TM is sitting a top a massive pile of cash which is bigger than $TSLA market cap http://t.co/65maqXRl9i","TM"
"67","Wed May 07 13:35:15 +0000 2014",464035736724185088,"Toyota Motor Corp (ADR) Receives Consensus Buy Rating from Analysts $TM http://t.co/0shP2wx9Ft","TM"
"68","Tue May 13 14:38:02 +0000 2014",466225863890321408,"$TM - Toyotas James Colon Received Honorary Doctorate Degree From Grambling ... -&gt; http://t.co/mimstr88EC #stock #stocks #stockaction","TM"
"69","Thu May 15 10:52:25 +0000 2014",466893861311090688,"$TM Hot Start for Chrysler 200 to Spur Growth http://t.co/kZ6d7ahfV3","TM"
"70","Fri May 16 15:42:05 +0000 2014",467329146193190912,"$TM didn't have the ""pro gap"" follow through. 20MA is now the Mason Dixon Line for longs. I think it holds, but no ax to grind if she breaks","TM"
"71","Wed May 21 13:30:13 +0000 2014",469107900183363584,"Tesla: An Amazing Company, But Shares Are Still Too Expensive http://t.co/e76en0Tm73 $TSLA, $F, $GM, $TM","TM"
"72","Thu May 22 18:43:13 +0000 2014",469549057082658816,"@TMFBreaking does it bode well for $F with all the recalls at $GM and $TM?","TM"
"73","Thu May 22 19:38:16 +0000 2014",469562910860398592,"$TM - Toyota joins recall spree with 380,000-vehicle callback -&gt; http://t.co/3sQSS1dsZZ #stock #stocks #stockaction","TM"
"74","Thu May 22 14:49:26 +0000 2014",469490223580078080,"RT @TeamMizzo: #tbt Moe &amp; Mizzo - Power Circle Official Video ($TM/DT…: http://t.co/YzjgBYNXHY","TM"
"75","Fri May 23 14:09:05 +0000 2014",469842457036062720,"RT @scottbbrew: Hey @WCIA3 there are more schools than $TM, to talk about in your sports news   You guys are so biased #sosad","TM"
"76","Fri May 23 22:28:04 +0000 2014",469968030307323904,"$TM Toyota recalls 520,000 vehicles globally http://t.co/PhwZGVoYpf","TM"
"77","Mon May 26 00:39:09 +0000 2014",470725794222731264,"$TM: Auto parts price-fixing probe rattles industry http://t.co/rOxPvVS3FR","TM"
"78","Thu May 29 12:19:13 +0000 2014",471989135373115392,"Consumer Reports: Hybrids failing to deliver http://t.co/NM6ryMVRRT #premarket $HMC $TM $FUJHY $BAMXY","TM"
"79","Mon Jun 02 16:52:43 +0000 2014",473507515334795264,"$TM Tesla Factory Could Dwarf Rivals In E-Car Market http://t.co/OFBUQTpXkz","TM"
"80","Wed Jun 04 10:22:05 +0000 2014",474133984977616896,".@Toyota's Future Is #Hybrid &amp; #Hydrogen, Not #Electric http://t.co/IaXIddITT0 $TM","TM"
"81","Thu Jun 05 12:31:54 +0000 2014",474529042285076480,"$TM: Infosys customers stay faithful despite executive exits, Bloomberg say... http://t.co/WTfOHtZhor","TM"
"82","Tue Jun 10 10:12:05 +0000 2014",476305795617787904,"$TM received a new alert. See why at http://t.co/WHJp8eTsSr #stocks #markets #daytrading 2","TM"
"83","Tue Jun 10 04:08:37 +0000 2014",476214326231969792,"$TM Have Consumers Given Up on Hybrids? http://t.co/d4tABBXIEq","TM"
"84","Wed Jun 11 01:26:35 +0000 2014",476535937044713472,"Woopsie. ""Tree Crushes Million-Dollar @Toyota 2000GT"" $TM http://t.co/wW3u9dmEPw http://t.co/g4zffhrzg8","TM"
"85","Wed Jun 11 12:06:58 +0000 2014",476697094816690176,"RT @MarketCurrents: Auto industry forecast: Ford and Honda to gain in U.S. http://t.co/Ag5iJSBFIi #premarket $F $HMC $GM $TM","TM"
"86","Wed Jun 11 16:51:03 +0000 2014",476768586724544512,"$TM - Toyota recalls 2.27 million vehicles over airbag defect -&gt; http://t.co/9U7SqGd5e4 #stock #stocks #stockaction","TM"
"87","Thu Jun 12 02:49:33 +0000 2014",476919204151820288,"$TM - Toyota Recalls Vehicles in Japan for Faulty Airbags -&gt; http://t.co/0yrVj8tPPs #stock #stocks #stockaction","TM"
"88","Sat Jun 14 00:28:08 +0000 2014",477608391246745600,"$TM: Analyzing the key things that affect Toyota’s earnings http://t.co/kV95R0IMSB","TM"
"89","Wed Jun 18 14:10:29 +0000 2014",479264893846437888,"$GM's CEO is on capital hill today to answer questions about the 3.16 Million recalls. $F $TM $FOXF http://t.co/QB5LMdEr0B","TM"
"90","Thu Jun 26 20:40:07 +0000 2014",482262051210141696,"$TM - Americans Bought More Cars in May and Still Saved $620 Billion -&gt; http://t.co/E1t8YZX42t #stock #stocks #stockaction","TM"
"91","Thu Jun 26 20:20:05 +0000 2014",482257009656750080,"GM CEO Mary Barra Indicates Possibility of More Recalls http://t.co/J0Styx36ae $GM $TM $HMC $TKTDY $MZDAF $NSANY","TM"
"92","Wed Jul 02 05:38:08 +0000 2014",484209386869784576,"$TM - Asia stocks mostly higher after US data; Nikkei at 5-month peak -&gt; http://t.co/tQnVXzb5X9 #stock #stocks #stockaction","TM"
"93","Thu Jul 03 13:45:16 +0000 2014",484694365835915264,"$TM seeks safety exception for fuel-cell car. http://t.co/fwdSV0P2F8","TM"
"94","Fri Jul 11 19:28:57 +0000 2014",487679959499300864,"Japanese quake of 6.8 off of Fukushima
$TM $CCJ","TM"
"95","Sun Jul 20 05:01:44 +0000 2014",490723208103227392,"On god i love my girl my family &amp; my niggas $TM forever <U+0001F64C><U+0001F64C>","TM"
"96","Mon Jul 21 15:27:12 +0000 2014",491242999779557376,"@10am It appears #hamas #marxist finally thru his last arrow at $AAPL ... Now #Apple Inc. is #surging back up $DIS $HOG $WMT $TM $NKE $SHPG","TM"
"97","Fri Jul 25 13:32:27 +0000 2014",492663673471909888,"Toyota Motor Corp (ADR) Gets Average Rating of Buy from Analysts $TM http://t.co/0shP2wx9Ft","TM"
"98","Sun Jul 27 23:02:38 +0000 2014",493531940541460480,"Tesla's Real Problem: Energy Density $TSLA  $HMC $TM http://t.co/cS7rL5enIs","TM"
"99","Mon Aug 11 20:13:15 +0000 2014",498925131805122560,"$TM Top 10 cars for city dwel  http://t.co/M9DHg9fJfA","TM"
"100","Thu Aug 21 13:05:59 +0000 2014",502441485300539392,"Will Toyota $TM Stock be Affected Today By Spare Parts Price Cuts In China? http://t.co/6VMty5ZhW8","TM"
"101","Tue Sep 02 15:40:20 +0000 2014",506828983120723968,"RT @beckyhiu: Toyota $TM plots ‘society-changing’ fuel-cell car for the masses http://t.co/fS9tjzGAVB &lt;-- $PLUG $FCEL $BLDP ... anyone?","TM"
"102","Wed Sep 03 14:25:08 +0000 2014",507172446299230208,"US Auto Sales looking strong: $F +0.4% beats, $TM +6.3% crushes, Nissan +11.5%, Chrysler +20%; $GM disappoints -1.2%. $CARZ ETF up 1%","TM"
"103","Mon Sep 08 13:50:15 +0000 2014",508975606948581376,"So Elon says investors should short Tesla ($TSLA) but then hints about a Toyota ($TM) deal. I would hold, not short.","TM"
"104","Thu Oct 16 23:14:53 +0000 2014",522888440476471296,"These are the reasons I am not liked at car dealers.If all had a clue of the mark up? http://t.co/M27d6OYKbo via @daily_finance $GM $TM","TM"
"105","Fri Oct 24 17:48:05 +0000 2014",525705301480439808,"RT @philstockworld: Friday's Fearful Outlook as #Ebola Hits NYC: $SPY $DIA $AMZN $TSLA $TM #Amazon -- http://t.co/UIMDFJvSW2 http://t.co/VN…","TM"
"106","Fri Oct 24 17:35:11 +0000 2014",525702055093366784,"RT @philstockworld: Friday's Fearful Outlook as #Ebola Hits NYC: $SPY $DIA $AMZN $TSLA $TM #Amazon -- http://t.co/UIMDFJvSW2 http://t.co/VN…","TM"
"107","Sat Oct 25 01:11:33 +0000 2014",525816903525490688,"RT @philstockworld: Friday's Fearful Outlook as #Ebola Hits NYC: $SPY $DIA $AMZN $TSLA $TM #Amazon -- http://t.co/UIMDFJvSW2 http://t.co/VN…","TM"
"108","Sat Oct 25 16:40:49 +0000 2014",526050761130930176,"RT @philstockworld: Friday's Fearful Outlook as #Ebola Hits NYC: $SPY $DIA $AMZN $TSLA $TM #Amazon -- http://t.co/UIMDFJvSW2 http://t.co/VN…","TM"
"109","Sat Oct 25 19:19:06 +0000 2014",526090594452774912,"RT @philstockworld: Friday's Fearful Outlook as #Ebola Hits NYC: $SPY $DIA $AMZN $TSLA $TM #Amazon -- http://t.co/UIMDFJvSW2 http://t.co/VN…","TM"
"110","Sat Oct 25 00:41:21 +0000 2014",525809303433646080,"RT @philstockworld: Friday's Fearful Outlook as #Ebola Hits NYC: $SPY $DIA $AMZN $TSLA $TM #Amazon -- http://t.co/UIMDFJvSW2 http://t.co/VN…","TM"
"111","Sat Oct 25 16:30:46 +0000 2014",526048231982383104,"RT @philstockworld: Friday's Fearful Outlook as #Ebola Hits NYC: $SPY $DIA $AMZN $TSLA $TM #Amazon -- http://t.co/UIMDFJvSW2 http://t.co/VN…","TM"
"112","Sat Oct 25 04:20:53 +0000 2014",525864550797541376,"RT @philstockworld: Friday's Fearful Outlook as #Ebola Hits NYC: $SPY $DIA $AMZN $TSLA $TM #Amazon -- http://t.co/UIMDFJvSW2 http://t.co/VN…","TM"
"113","Sat Oct 25 15:23:36 +0000 2014",526031328903692288,"RT @philstockworld: Friday's Fearful Outlook as #Ebola Hits NYC: $SPY $DIA $AMZN $TSLA $TM #Amazon -- http://t.co/UIMDFJvSW2 http://t.co/VN…","TM"
"114","Sat Oct 25 15:52:54 +0000 2014",526038702523289600,"RT @philstockworld: Friday's Fearful Outlook as #Ebola Hits NYC: $SPY $DIA $AMZN $TSLA $TM #Amazon -- http://t.co/UIMDFJvSW2 http://t.co/VN…","TM"
"115","Sat Oct 25 20:23:41 +0000 2014",526106847363600384,"RT @philstockworld: Friday's Fearful Outlook as #Ebola Hits NYC: $SPY $DIA $AMZN $TSLA $TM #Amazon -- http://t.co/UIMDFJvSW2 http://t.co/VN…","TM"
"116","Sat Oct 25 20:33:33 +0000 2014",526109330375188480,"RT @philstockworld: Friday's Fearful Outlook as #Ebola Hits NYC: $SPY $DIA $AMZN $TSLA $TM #Amazon -- http://t.co/UIMDFJvSW2 http://t.co/VN…","TM"
"117","Sat Oct 25 06:19:16 +0000 2014",525894342968242176,"RT @philstockworld: Friday's Fearful Outlook as #Ebola Hits NYC: $SPY $DIA $AMZN $TSLA $TM #Amazon -- http://t.co/UIMDFJvSW2 http://t.co/VN…","TM"
"118","Sat Oct 25 03:37:15 +0000 2014",525853570130640896,"RT @philstockworld: Friday's Fearful Outlook as #Ebola Hits NYC: $SPY $DIA $AMZN $TSLA $TM #Amazon -- http://t.co/UIMDFJvSW2 http://t.co/VN…","TM"
"119","Sat Oct 25 21:03:35 +0000 2014",526116888548347904,"RT @philstockworld: Friday's Fearful Outlook as #Ebola Hits NYC: $SPY $DIA $AMZN $TSLA $TM #Amazon -- http://t.co/UIMDFJvSW2 http://t.co/VN…","TM"
"120","Sat Oct 25 22:38:57 +0000 2014",526140888356241408,"RT @philstockworld: Friday's Fearful Outlook as #Ebola Hits NYC: $SPY $DIA $AMZN $TSLA $TM #Amazon -- http://t.co/UIMDFJvSW2 http://t.co/VN…","TM"
"121","Sun Oct 26 00:12:34 +0000 2014",526164447753011200,"RT @philstockworld: Friday's Fearful Outlook as #Ebola Hits NYC: $SPY $DIA $AMZN $TSLA $TM #Amazon -- http://t.co/UIMDFJvSW2 http://t.co/VN…","TM"
"122","Sun Oct 26 00:35:17 +0000 2014",526170164577193984,"RT @philstockworld: Friday's Fearful Outlook as #Ebola Hits NYC: $SPY $DIA $AMZN $TSLA $TM #Amazon -- http://t.co/UIMDFJvSW2 http://t.co/VN…","TM"
"123","Tue Dec 09 12:46:23 +0000 2014",542299218006642688,"Tesla Falls — Did Oil Price Dent Electric Car Sales? http://t.co/8y4WHTEfc4 #IBDNews via @IBDinvestors  $TSLA $NSANY $GM $TM","TM"
"124","Tue Dec 09 16:09:53 +0000 2014",542350430446309376,"This is groundbreaking news for Hypersolar (HYSR): $PLUG,$BLDP,$FCEL,$HYSG,$TM,$GM,$HMC,$TSLA-http://t.co/GzlSIrvCup","TM"
"125","Wed Dec 10 14:25:50 +0000 2014",542686633276235776,"RT @smbcapital: Stocks from the SMB Scanner: $TMSU $TM $E $HMC $FRAN http://t.co/EpH9bpnSIT","TM"
"126","Sun Dec 14 18:17:47 +0000 2014",544194556892155904,"“@kevincallahan61: $TM pride http://t.co/yqACcmlEXm” ily kev","TM"
"127","Fri Dec 19 13:16:15 +0000 2014",545930612843241472,"Toyota Motor Corp Receives A Credit Rating from Morningstar $TM http://t.co/bOS5LhvuVY","TM"
"128","Mon Jan 05 15:10:43 +0000 2015",552120013050490880,"Check out our 2015 Auto Stock roundup! $F $HMC $TM $AAP $TSLA $GM http://t.co/JDUY13nu42","TM"
"129","Mon Jan 05 00:31:33 +0000 2015",551898763510681600,"KitchenNews: Japan stocks extend weakness into the new year -- details here: http://t.co/jWHspzWjeP $NIK $JPY $SNE $TM","TM"
"130","Thu Jan 15 23:50:19 +0000 2015",555874653336379392,"$GOOG driving the move to driverless cars $F $GM $TM may prove to be bigger biz than Search","TM"
"131","Fri Jan 23 14:02:13 +0000 2015",558625756033843200,"$TM Paralympic Medalist Amy Purdy and Muhammad Ali Bring Voice to 'One Bold Choice' Toyota Camry Campaign
http://t.co/HvJp6f0JyG","TM"
"132","Tue Jan 27 11:36:03 +0000 2015",560038523475329024,"$TM:

TM: China and Japan are Barriers for Toyota Stock:

http://t.co/pcrvoa59mA","TM"
"133","Wed Feb 11 12:39:30 +0000 2015",565490309149499392,"Strengthening U.S. Dollar Presents Remarkable Foreign Opportunities - Toyota http://t.co/jpOLIbVr17 $TM","TM"
"134","Sun Mar 01 13:46:07 +0000 2015",572030055355842560,"chartguy89: 2015 Trending Stocks: TM -1.05% Stock Charts $TM Toyota Motor Corp. ADS http://t.co/87JpyCJuie","TM"
"135","Wed Mar 04 17:59:00 +0000 2015",573180859144142848,"http://t.co/K2QhRB0ZIq Managing Editor On February Auto Sales $F $HMC $TM  http://t.co/xwt8NQ78So via @benzinga","TM"
"136","Thu Mar 12 13:04:40 +0000 2015",576005890647560192,"Tesla component part of RAV4 EV recall $TM $TSLA http://t.co/mJUYLHriWr","TM"
"137","Mon Mar 16 13:23:24 +0000 2015",577460156520226816,"Pay increases at Toyota anticipated http://t.co/2ftIkboVe0 #premarket $TM","TM"
"138","Thu Mar 26 00:12:13 +0000 2015",580884927366975488,"RT @Bidnessetc: #Toyota Motor To Reveal Latest Hybrid Vehicles At 2015 Atlanta International Auto Show http://t.co/xBNmJfmwrx $TM http://t.…","TM"
"139","Sat Mar 28 14:48:40 +0000 2015",581830268954136576,"Teenager who turned $9700 into more than $330,000 in less than 1 year!: http://t.co/zRWiJmx4QH $CREE $CAT $REGN $TXT $MRVL $TM","TM"
"140","Mon Mar 30 15:36:44 +0000 2015",582567141053845504,"Toyota to sell safety packages across more models http://t.co/H5qzJmERcB $TM","TM"
"141","Wed Apr 01 12:43:26 +0000 2015",583248304416292864,"Green shoots also in France with March car sales +4% &amp; Q1 +7%. As volumes stay strong, expect pricing is firming too $F $GM $TM","TM"
"142","Wed Apr 01 14:12:45 +0000 2015",583270781704134656,"RT @hainsworthtv: BREAKING @BNN: Toyota U.S. sales +4.9% in March, only major automaker reporting gains so far. $TM $$ #auto","TM"
"143","Wed Apr 15 23:52:00 +0000 2015",588489984874827776,"Toyota's Manufacturing Process Could Be the Key to #Oil Producers Surviving $40 Oil http://t.co/rdnKfegCyt $TM $HES $CLR $WLL","TM"
"144","Fri Apr 17 18:31:11 +0000 2015",589134024410472448,"$TM Toyota Motor Corp Plans To Bring Prius Back On Top http://t.co/ocwq4RH8Sy","TM"
"145","Sat May 09 18:03:03 +0000 2015",597099477506338816,"$TM:

Safest Cars: Top Recommended Choices:

http://t.co/s88QxrQqJJ","TM"
"146","Wed May 13 10:51:22 +0000 2015",598440392275697664,"#Toyota And #Nissan In 6.5 Million Airbag Recall - $TM $NSANY http://t.co/BT7t8YYG32","TM"
"147","Wed May 13 10:51:22 +0000 2015",598440392275709952,"#Toyota And #Nissan In 6.5 Million Airbag Recall - $TM $NSANY http://t.co/4FnRvnMYq9","TM"
"148","Sun May 31 13:52:12 +0000 2015",605008882071511040,"How Uber's Autonomous Cars Will Reshape The Economy By 2025 http://t.co/oWGhnFuI29 $F #FORD #CARS $TM $TSLA $GM","TM"
"149","Tue Jun 16 05:43:01 +0000 2015",610683980908597248,"$71,000 in ONE TRADE!! By Follwing Their Signals More Info Here http://t.co/SVqoMkrw2z .. $TM $TMH $TMHC","TM"
"150","Wed Jun 24 18:16:50 +0000 2015",613772787996585984,"Police raid Toyota offices after arresting US executive - http://t.co/bgaemjT6KJ $TM","TM"
"151","Thu Jun 25 15:12:33 +0000 2015",614088799425945600,"$TM Toyota Motor Corp (ADR) North American CEO: Fiat Chrysler Automobiles NV ... http://t.co/HDAFWijpvb","TM"
"152","Wed Jul 01 11:58:46 +0000 2015",616214359472230400,"Hydrogen fuel cell-powered Mirai will have longest range of any zero-emission car: Toyota. http://t.co/9h14U4Q9bn  $TM $TSLA #cars","TM"
"153","Thu Jul 02 17:55:00 +0000 2015",616666396370575360,"$TM's #fuelcell car may go farther than a #Tesla, but good luck finding a place to fuel up! http://t.co/7eoqUF8rg8","TM"
"154","Thu Jul 02 11:58:20 +0000 2015",616576638290120704,"BMW Pushes Fuel-Cell Car Development With First Street Tests http://t.co/HLXmpnKWgq $TSLA $F $GM $HMC $TM","TM"
"155","Thu Jul 02 12:15:20 +0000 2015",616580916459229184,"Not just France &amp; Spain, Germany &amp; Italy June car sales also up double digit. Europe car sales up for 22nd straight month. $F $GM $TM","TM"
"156","Fri Jul 03 04:44:02 +0000 2015",616829730952753152,"$TM:

Fiat Chrysler, Nissan post big United States sales gains for June ...:

http://t.co/dGFVPt2ACR","TM"
"157","Tue Jul 14 21:30:29 +0000 2015",621069278926639104,"The Pros &amp; Cons Of Buying Foreign #stocks OTC: http://t.co/6UEFbxn4C4 $NDOY $SSNLF $NSRGY $BIDU $VALE $TM $BAMXY $VLKAY $NSANY #OTCBB","TM"
"158","Wed Aug 05 15:25:06 +0000 2015",628949860247539712,"RT @FlorentCapital: World's fastes growing companies $FB $AMZN $DIS $TM $EBAY $SBUX $SNE  http://t.co/YPHQWc5VAQ  http://t.co/oncZxUv40y","TM"
"159","Wed Aug 26 12:27:45 +0000 2015",636515373811171328,"RT @YahooFinance: Early movers: $CAM, $EXPR, $NKE, $GRUB, $GOOGL, $TM &amp; more http://t.co/YRUhGRZoXZ","TM"
"160","Mon Sep 07 18:29:10 +0000 2015",640954981680459776,"Is it possible that $TM resets the whole oil/gasoline equation with the hydrogen fuel cell?..https://t.co/1ej4qiuRRl http://t.co/QseCPfuL64","TM"
"161","Wed Sep 09 15:12:02 +0000 2015",641630147184066560,"$TM $TRUE $F $HMC $GM:

Toyota’s New Prius to Face Off Against Cheap Gas:

http://t.co/3Y0S0vl18r","TM"
"162","Wed Sep 09 07:40:34 +0000 2015",641516531914903552,"ITB iShares Dow Jones U.S. Home Construction Day Low
http://t.co/eDVqQBZXke

$ITB $CVX $TM $MO #ITB #finance #pennystocks","TM"
"163","Fri Sep 11 13:01:12 +0000 2015",642321997641347072,"Pre market top Stocks trade ideas: $CNW $LULU $KKD $BSFT $NEP $TM $DY $SIGM $LJPC $FAZ more http://t.co/afLVqGEPgY","TM"
"164","Wed Sep 23 15:37:47 +0000 2015",646710057514700800,"$SPY Bull Rush 11:30-12pm
$USDJPY $FB $GOOGL $AMZN $NFLX $DPZ $AAPL $CSCO $SBUX $YELP $CLB $BAC $BA $USO $GOOG $TM… http://t.co/6GtxeYO85j","TM"
"165","Tue Sep 29 08:34:03 +0000 2015",648777748748460032,"VW roundup: U.S. lawyers look to combine lawsuits over emissions scandal http://t.co/VwLkQpNMxC $VLKAF $TM $MZDAD $VLKAY","TM"
"166","Tue Oct 06 18:02:20 +0000 2015",651457476986998784,"ETF &amp; Stocks are riding high on an auto sector boom! $CARZ $CTB $SUP $F $TM $HNC $GM http://t.co/qijIuTnhm0","TM"
"167","Fri Oct 09 13:00:21 +0000 2015",652468643964456960,"Barclays says sell Tesla ahead of 'significant' production miss $TSLA $MBLY $HAR $VC $JCI $VLKAY $F $TM $HMC: ... http://t.co/EeAp8LmlzR","TM"
"168","Mon Oct 26 08:28:12 +0000 2015",658560748910579712,"$GM News: ""Toyota ousts VW as largest car group by sales $TM $VLKAY $GM $VLKAF"" https://t.co/rZzCxIpQzg  Analyze: https://t.co/R3dxV2WJDV","TM"
"169","Thu Nov 05 13:13:14 +0000 2015",662256358532739072,"Toyota Motor to buy back shares as profit increases 13% $TM - Livemint  https://t.co/Zf2AwLIfSS","TM"
"170","Fri Nov 06 16:23:36 +0000 2015",662666653755293696,"Piling into Palo Alto: ""#Toyota Invests $1 Billion in Artificial Intelligence in U.S.
 #Tech #Autos #AI $TM https://t.co/RPez8I9wac","TM"
"171","Mon Nov 16 09:45:38 +0000 2015",666190380803620864,"Teenager who turned $9700 into more than $330,000 in less than 1 year!: https://t.co/FFAhavgPNe $CREE $CAT $REGN $TXT $MRVL $TM","TM"
"172","Mon Nov 16 17:50:02 +0000 2015",666312284046827520,"$TM is rated BUY, 22.2% upside by Wall Street analysts based on average ratings/targets https://t.co/6CsqSek5GK https://t.co/zHvTfqLWi8","TM"
"173","Fri Nov 20 03:47:43 +0000 2015",667549859600343040,"RT @bfnofficial: Ford And GM Ready To Capitalize On Booming US #SUV Markets - https://t.co/nzWUd7EfXV - $F $GM $TM https://t.co/THDfWhLcYZ","TM"
"174","Wed Dec 02 15:22:46 +0000 2015",672073429047189504,"RT @DayTradersGroup: OUT of $TSLA 230.00 calls now 16.00 from our entry @ 8.65 - Sign up 2 be alerted each time we BUY or SELL $F $TM $GM $…","TM"
"175","Thu Dec 03 09:39:42 +0000 2015",672349481338331136,"RT @planetoptionews: #Toyota recalls 1.6m more cars over defective #airbags
 https://t.co/1F1lTbogRX $TM #Takata #cars #business https://t.…","TM"
"176","Sat Jan 09 03:23:33 +0000 2016",685663171135188992,"RT @barronstechblog: Ex-Googler Reveals How A.I. Will Transform Robots - Tech Trader Daily - Barron's $GOOGL $TM https://t.co/bDrIDWMs5o","TM"
"177","Tue Jan 19 23:05:07 +0000 2016",689584400791564288,"FFCO NASDAQ Stocks
Click Here -&gt; https://t.co/tVbWJq9cdT

Trending $FFCO $GCO $TM #pennystocks #tradeideas","TM"
"178","Fri Jan 22 19:44:09 +0000 2016",690620989449838592,"Why Analysts Expect Modest 4Q15 Results from Ford $TM $GM $F $FCAU https://t.co/mTtSwoeJ7k","TM"
"179","Sun Jan 24 16:54:15 +0000 2016",691303008458641408,"$AQXP +1819%. SEE TRACK RECORD &amp; SUBSCRIBE  https://t.co/j94QCGiGnL $PG $WMT $PTR $TM $PFE $BUD","TM"
"180","Thu Jan 28 20:23:10 +0000 2016",692805135504924672,"RT @dee_muLaa5: If y'all ain't on shit right now, check out a few of @DOESKIFRMDAPACK tracks from YN$TM dropping SATURDAY <U+0001F3F4> https://t.co/Zd…","TM"
"181","Fri Jan 29 11:20:17 +0000 2016",693030902339911680,"$TM:

New SEC Filing for TM: Form 6-K (No. 0000947871-16-000940):

https://t.co/tbzBcHqA2p","TM"
"182","Sat Jan 30 22:06:01 +0000 2016",693555794281795584,"RT @dee_muLaa5: Wait is over <U+0001F3F4><U+0001F3F4> hit that link @DOESKIFRMDAPACK YN$TM #iPM https://t.co/ZiLECGK4wK","TM"
"183","Sat Jan 30 23:54:03 +0000 2016",693582981785452544,"RT @Webb2Cold_: YN$TM x @DOESKIFRMDAPACK <U+0001F64C><U+0001F3FF><U+0001F64C><U+0001F3FF><U+0001F64C><U+0001F3FF><U+0001F64C><U+0001F3FF><U+0001F64C><U+0001F3FF><U+0001F482><U+0001F3FF><U+0001F52B> https://t.co/o6q87Fk78q","TM"
"184","Tue Feb 02 20:56:12 +0000 2016",694625387960098816,"RT @CNBCnow: BREAKING: Toyota January U.S. sales down 4.7% vs. Edmunds estimate of 3.3% decline. • $TM","TM"
"185","Tue Feb 02 20:12:57 +0000 2016",694614503724548096,"RT @CNBCnow: BREAKING: Toyota January U.S. sales down 4.7% vs. Edmunds estimate of 3.3% decline. • $TM","TM"
"186","Tue Feb 02 16:25:25 +0000 2016",694557243082215424,"BREAKING: Toyota January U.S. sales down 4.7% vs. Edmunds estimate of 3.3% decline. • $TM","TM"
"187","Wed Feb 03 09:22:48 +0000 2016",694813275997908992,"Toyota settles racial bias suit, issues recalls https://t.co/XoUMp8OIhP $TM","TM"
"188","Fri Feb 05 12:04:58 +0000 2016",695578862302826496,"RT @ZacksResearch: Will Toyota beat earnings expectations when they report tomorrow? $TM https://t.co/Mo8ovv1ohu","TM"
"189","Fri Feb 05 11:28:19 +0000 2016",695569639028453376,"Bit of an autos/related research day just sent around thoughts on $DAI, $TM, #Volvo to FO Immediate recipients. Email/DM me to join the list","TM"
"190","Mon Feb 08 18:54:08 +0000 2016",696768996058599424,"Are you a buyer of $TSLA, $RACE or $TM today? #evlust","TM"
"191","Mon Feb 08 19:38:39 +0000 2016",696780199073951744,"https://t.co/uAcamO9vH1 subscribers alerted to 10-1800% gain stocks. JOIN NOW Promo https://t.co/zHAvlEkA1M $PTR $TM $PFE $BUD $VZ $KO","TM"
"192","Tue Feb 16 01:42:45 +0000 2016",699408542885740544,"Teenager who turned $9700 into more than $330,000 in less than 1 year!: https://t.co/FFAhavgPNe $CREE $CAT $REGN $TXT $MRVL $TM","TM"
"193","Sat Feb 27 17:39:12 +0000 2016",703635507926794240,"#Toyota ( $TM) Just Won the Daytona 500 for the First time Ever. Read more: https://t.co/JNyNrKYUd9","TM"
"194","Wed Mar 02 04:23:33 +0000 2016",704884827493773312,"Software Updates To Thump 'Motivated' Internet Of Things Hackers https://t.co/C7BFtaNK3P   $TSLA $AAPL $TM $GOOGL $F $FCAU $RPD","TM"
"195","Wed Mar 09 16:45:18 +0000 2016",707608210069303296,"What Is The Best Internet Of Things Play? https://t.co/anmVRqSnDs $AMZN $GE $GOOGL $HPQ $INTC $TM $GOOG","TM"
"196","Mon Mar 21 12:14:58 +0000 2016",711888832824651776,"#Zopper Which one to buy Fully or Semi washing machine ?. Read Blog: https://t.co/AG0Xx0nMGX $TM","TM"
"197","Mon Mar 21 20:32:19 +0000 2016",712013995071246336,"#Ubisoft New The Division Patch Makes Going Rogue More Viable. Read more: https://t.co/urwshlI7Ng $TM","TM"
"198","Tue Mar 22 00:50:19 +0000 2016",712078922897227776,"#Apple announces new watch bands and lower starting price for Apple Watch . Read more: https://t.co/9IVrNQ4WbU $TM","TM"
"199","Tue Mar 22 00:50:19 +0000 2016",712078922901364736,"#Apple announces new watch bands and lower starting price for Apple Watch . Read more: https://t.co/2ZCuw6v40T $TM","TM"
"200","Tue Mar 22 00:50:19 +0000 2016",712078922893033472,"#Apple announces new watch bands and lower starting price for Apple Watch . Read more: https://t.co/6zFDltUryc $TM","TM"
"201","Sun Mar 27 17:12:27 +0000 2016",714138024167088128,"#Toyota Mirai gets 'manga' treatment in Japan. Read more: https://t.co/65RwxS7NcY $TM","TM"
"202","Wed Mar 30 21:33:21 +0000 2016",715290845403082752,"@StockMktMedia Watch Out Tesla! You Have Big Competition! $GM $TM $HMC $F $NSANY https://t.co/agPbAMyDPu https://t.co/PHo3OU2BjR","TM"
